case,group,source,route,nativePrograms,fallbackPrograms,fallbackReasons,antlr_syntax_ms,direct_syntax_ms,syntax_reduction_percent,antlr_recognition_ms,direct_recognition_ms,antlr_wall_seconds,direct_wall_seconds,wall_reduction_percent,antlr_cpu_seconds,direct_cpu_seconds,antlr_rss_mib,direct_rss_mib,antlr_syntax_min_ms,antlr_syntax_max_ms,direct_syntax_min_ms,direct_syntax_max_ms,parser_errors,unresolved_copies,byte_identical_pairs,raw_differences
0,carddemo73,app/app-authorization-ims-db2-mq/cbl/CBPAUP0C.cbl,native,1,0,,333.062872,139.685158,58.06042349866004,243.464649,26.031426,1.59,1.32,16.981132075471695,4.91,4.08,302.4375,248.50390625,333.062872,333.062872,139.685158,139.685158,[0],[0],19,0
1,carddemo73,app/app-authorization-ims-db2-mq/cbl/COPAUA0C.cbl,native,1,0,,1598.952353,386.608446,75.82114030636158,1348.304441,81.144845,3.83,2.59,32.375979112271544,10.11,8.68,482.16796875,375.953125,1598.952353,1598.952353,386.608446,386.608446,[0],[0],19,0
2,carddemo73,app/app-authorization-ims-db2-mq/cbl/COPAUS0C.cbl,native,1,0,,1415.285698,247.308529,82.52589358109941,1218.167681,49.311756,3.44,2.11,38.662790697674424,8.78,6.92,368.0625,323.95703125,1415.285698,1415.285698,247.308529,247.308529,[0],[0],19,0
3,carddemo73,app/app-authorization-ims-db2-mq/cbl/COPAUS1C.cbl,native,1,0,,901.606359,235.72149,73.85538737088699,760.551826,38.05655,2.57,1.88,26.848249027237358,7.159999999999999,6.1000000000000005,355.38671875,275.26953125,901.606359,901.606359,235.72149,235.72149,[0],[0],19,0
4,carddemo73,app/app-authorization-ims-db2-mq/cbl/COPAUS2C.cbl,native,1,0,,243.031764,157.832587,35.05680722458979,145.079832,25.85799,1.47,1.33,9.523809523809511,4.420000000000001,4.0600000000000005,264.6171875,261.125,243.031764,243.031764,157.832587,157.832587,[0],[0],19,0
5,carddemo73,app/app-authorization-ims-db2-mq/cbl/DBUNLDGS.CBL,native,1,0,,277.493737,142.476677,48.65589452925203,196.864258,26.58435,1.47,1.34,8.843537414965974,4.46,4.11,280.57421875,245.41015625,277.493737,277.493737,142.476677,142.476677,[0],[0],19,0
6,carddemo73,app/app-authorization-ims-db2-mq/cbl/PAUDBLOD.CBL,native,1,0,,269.536088,149.631306,44.4856133698876,186.46209,31.372042,1.52,1.36,10.526315789473683,4.58,4.03,284.7265625,229.16015625,269.536088,269.536088,149.631306,149.631306,[0],[0],19,0
7,carddemo73,app/app-authorization-ims-db2-mq/cbl/PAUDBUNL.CBL,native,1,0,,292.500103,147.106884,49.707065915118676,200.975542,32.126132,1.54,1.32,14.28571428571428,4.6000000000000005,3.9200000000000004,287.921875,226.75390625,292.500103,292.500103,147.106884,147.106884,[0],[0],19,0
8,carddemo73,app/app-transaction-type-db2/cbl/COBTUPDT.cbl,native,1,0,,246.330825,143.02489,41.93788373826134,158.453355,31.961362,1.38,1.21,12.318840579710145,4.2,3.4699999999999998,246.2734375,210.17578125,246.330825,246.330825,143.02489,143.02489,[0],[0],19,0
9,carddemo73,app/app-transaction-type-db2/cbl/COTRTLIC.cbl,native,1,0,,1850.968449,283.86795,84.66381476392199,1657.240497,64.155086,3.93,2.26,42.49363867684479,9.64,7.25,346.96484375,324.734375,1850.968449,1850.968449,283.86795,283.86795,[0],[0],19,0
10,carddemo73,app/app-transaction-type-db2/cbl/COTRTUPC.cbl,native,1,0,,938.644891,237.625388,74.6842080238841,775.757115,39.965055,2.71,1.96,27.67527675276753,7.470000000000001,6.18,342.890625,323.52734375,938.644891,938.644891,237.625388,237.625388,[0],[0],19,0
11,carddemo73,app/app-vsam-mq/cbl/COACCT01.cbl,native,1,0,,1443.224749,335.574824,76.74826292768903,1205.25715,72.708927,3.54,2.39,32.485875706214685,9.290000000000001,7.89,429.84375,361.859375,1443.224749,1443.224749,335.574824,335.574824,[0],[0],19,0
12,carddemo73,app/app-vsam-mq/cbl/CODATE01.cbl,native,1,0,,1364.024183,343.61334,74.80885278410054,1140.268028,72.376654,3.4,2.3,32.352941176470594,9.17,7.43,461.30078125,348.60546875,1364.024183,1364.024183,343.61334,343.61334,[0],[0],19,0
13,carddemo73,app/cbl/CBACT01C.cbl,native,1,0,,341.379604,148.92321,56.37606691933475,248.114432,27.104133,1.67,1.47,11.976047904191612,4.98,4.58,283.453125,254.72265625,341.379604,341.379604,148.92321,148.92321,[0],[0],19,0
14,carddemo73,app/cbl/CBACT02C.cbl,native,1,0,,249.135867,145.123291,41.749338323895365,172.569656,35.399545,1.4,1.23,12.142857142857133,4.2700000000000005,3.7600000000000002,261.6171875,216.98828125,249.135867,249.135867,145.123291,145.123291,[0],[0],19,0
15,carddemo73,app/cbl/CBACT03C.cbl,native,1,0,,241.300731,140.971821,41.57836969006116,166.505554,30.502693,1.4,1.18,15.714285714285714,4.32,3.46,260.89453125,204.546875,241.300731,241.300731,140.971821,140.971821,[0],[0],19,0
16,carddemo73,app/cbl/CBACT04C.cbl,native,1,0,,479.286462,158.355306,66.96019634287104,378.414559,31.579699,1.85,1.49,19.45945945945946,5.76,4.71,311.67578125,273.390625,479.286462,479.286462,158.355306,158.355306,[0],[0],19,0
17,carddemo73,app/cbl/CBCUS01C.cbl,native,1,0,,288.114801,137.989278,52.1061474380832,211.198554,27.784108,1.45,1.21,16.551724137931036,4.55,3.42,271.01953125,196.80078125,288.114801,288.114801,137.989278,137.989278,[0],[0],19,0
18,carddemo73,app/cbl/CBEXPORT.cbl,native,1,0,,307.332725,153.220804,50.14497593772352,212.195665,27.761486,1.69,1.54,8.875739644970404,5.1499999999999995,4.84,284.6953125,272.87109375,307.332725,307.332725,153.220804,153.220804,[0],[0],19,0
19,carddemo73,app/cbl/CBIMPORT.cbl,native,1,0,,317.703275,154.83227,51.26513253601179,219.105331,29.274885,1.68,1.49,11.309523809523803,5.319999999999999,4.720000000000001,303.8671875,274.0546875,317.703275,317.703275,154.83227,154.83227,[0],[0],19,0
20,carddemo73,app/cbl/CBSTM03A.CBL,native,1,0,,417.651751,190.948585,54.280429917316454,305.996779,38.124522,2.01,1.75,12.935323383084562,6.1,5.58,302.4453125,280.32421875,417.651751,417.651751,190.948585,190.948585,[0],[0],19,0
21,carddemo73,app/cbl/CBSTM03B.CBL,native,1,0,,226.143921,137.471809,39.21047782664032,149.461027,27.213783,1.34,1.2,10.447761194029859,4.15,3.72,262.765625,216.1171875,226.143921,226.143921,137.471809,137.471809,[0],[0],19,0
22,carddemo73,app/cbl/CBTRN01C.cbl,native,1,0,,397.981516,147.753276,62.8743371086611,306.527593,26.717271,1.72,1.45,15.697674418604656,5.2,4.58,288.0625,261.98046875,397.981516,397.981516,147.753276,147.753276,[0],[0],19,0
23,carddemo73,app/cbl/CBTRN02C.cbl,native,1,0,,451.420576,157.896893,65.02222065305237,352.85527,30.586635,1.85,1.59,14.054054054054054,5.59,5.04,288.74609375,280.23828125,451.420576,451.420576,157.896893,157.896893,[0],[0],19,0
24,carddemo73,app/cbl/CBTRN03C.cbl,native,1,0,,603.761501,164.03046,72.83191132122218,503.344855,29.493401,2.05,1.57,23.414634146341452,6.0,5.01,313.25390625,274.98828125,603.761501,603.761501,164.03046,164.03046,[0],[0],19,0
25,carddemo73,app/cbl/COACTUPC.cbl,native,1,0,,2677.195254,343.605015,87.16548542783275,2433.076246,88.28549,5.4,3.02,44.074074074074076,12.65,9.969999999999999,394.43359375,356.609375,2677.195254,2677.195254,343.605015,343.605015,[0],[0],19,0
26,carddemo73,app/cbl/COACTVWC.cbl,native,1,0,,1369.82166,233.71181,82.93852281471443,1204.504373,44.820009,3.13,1.9,39.29712460063898,8.02,6.17,360.11328125,335.47265625,1369.82166,1369.82166,233.71181,233.71181,[0],[0],19,0
27,carddemo73,app/cbl/COADM01C.cbl,native,1,0,,427.556816,206.676204,51.661113502164355,302.210255,34.927178,1.87,1.54,17.647058823529417,5.74,4.79,317.3984375,252.203125,427.556816,427.556816,206.676204,206.676204,[0],[0],19,0
28,carddemo73,app/cbl/COBIL00C.cbl,native,1,0,,802.129198,229.165967,71.43029233053801,676.303937,33.638828,2.22,1.64,26.126126126126138,6.199999999999999,4.989999999999999,350.421875,252.4609375,802.129198,802.129198,229.165967,229.165967,[0],[0],19,0
29,carddemo73,app/cbl/COBSWAIT.cbl,native,1,0,,122.213242,116.299925,4.838523962894293,69.62043,26.741765,1.05,1.0,4.761904761904767,2.9699999999999998,2.9499999999999997,208.9765625,198.125,122.213242,122.213242,116.299925,116.299925,[0],[0],19,0
30,carddemo73,app/cbl/COCRDLIC.cbl,native,1,0,,1397.49137,263.735996,81.12789805635794,1207.736371,56.241948,3.32,2.11,36.44578313253012,8.36,6.71,341.83984375,337.20703125,1397.49137,1397.49137,263.735996,263.735996,[0],[0],19,0
31,carddemo73,app/cbl/COCRDSLC.cbl,native,1,0,,690.797072,235.580124,65.8973476367022,507.476998,40.941107,2.33,1.78,23.605150214592275,6.64,5.74,338.828125,290.80859375,690.797072,690.797072,235.580124,235.580124,[0],[0],19,0
32,carddemo73,app/cbl/COCRDUPC.cbl,native,1,0,,1229.564354,247.263136,79.8901834462257,1055.087325,48.952974,3.06,2.02,33.98692810457516,8.01,6.2,348.73828125,317.609375,1229.564354,1229.564354,247.263136,247.263136,[0],[0],19,0
33,carddemo73,app/cbl/COMEN01C.cbl,native,1,0,,502.368273,222.247375,55.76006946601104,368.911434,37.607002,1.94,1.62,16.49484536082474,5.81,5.0200000000000005,298.625,254.10546875,502.368273,502.368273,222.247375,222.247375,[0],[0],19,0
34,carddemo73,app/cbl/CORPT00C.cbl,native,1,0,,3961.723036,235.321085,94.0601328547794,3815.828634,37.225942,5.59,1.75,68.69409660107335,10.180000000000001,5.53,351.0234375,256.1328125,3961.723036,3961.723036,235.321085,235.321085,[0],[0],19,0
35,carddemo73,app/cbl/COSGN00C.cbl,native,1,0,,397.635637,186.821853,53.0168235398881,279.91393,27.212169,1.67,1.43,14.371257485029943,5.0,4.52,288.23046875,253.87890625,397.635637,397.635637,186.821853,186.821853,[0],[0],19,0
36,carddemo73,app/cbl/COTRN00C.cbl,native,1,0,,1059.356908,236.942567,77.63335801082066,902.828469,39.980974,2.83,1.93,31.802120141342762,7.5,6.2,357.7421875,316.51171875,1059.356908,1059.356908,236.942567,236.942567,[0],[0],19,0
37,carddemo73,app/cbl/COTRN01C.cbl,native,1,0,,639.295612,203.294401,68.20025084107726,517.727861,33.196023,2.1,1.62,22.857142857142854,6.26,5.140000000000001,314.109375,274.90625,639.295612,639.295612,203.294401,203.294401,[0],[0],19,0
38,carddemo73,app/cbl/COTRN02C.cbl,native,1,0,,897.96643,236.033576,73.71465478948917,754.799933,40.369278,2.52,1.77,29.761904761904766,7.039999999999999,5.82,353.60546875,287.7578125,897.96643,897.96643,236.033576,236.033576,[0],[0],19,0
39,carddemo73,app/cbl/COUSR00C.cbl,native,1,0,,1084.801898,236.049946,78.24027166294651,928.089996,42.464352,2.9,1.93,33.44827586206897,7.62,6.32,359.72265625,333.82421875,1084.801898,1084.801898,236.049946,236.049946,[0],[0],19,0
40,carddemo73,app/cbl/COUSR01C.cbl,native,1,0,,475.128212,187.766719,60.48083143503169,360.898795,28.638259,1.84,1.5,18.478260869565222,5.54,4.82,309.0078125,271.03515625,475.128212,475.128212,187.766719,187.766719,[0],[0],19,0
41,carddemo73,app/cbl/COUSR02C.cbl,native,1,0,,700.960565,202.341924,71.13362233152161,566.351486,30.463042,2.14,1.6,25.233644859813086,5.97,4.920000000000001,325.98828125,249.62890625,700.960565,700.960565,202.341924,202.341924,[0],[0],19,0
42,carddemo73,app/cbl/COUSR03C.cbl,native,1,0,,561.637467,199.550774,64.46982515858402,434.651027,28.49085,1.94,1.54,20.618556701030922,5.62,4.8100000000000005,294.51953125,252.80078125,561.637467,561.637467,199.550774,199.550774,[0],[0],19,0
43,carddemo73,app/cbl/CSUTLDTC.cbl,native,1,0,,235.644349,134.160316,43.066610097235994,169.254045,32.090808,1.32,1.13,14.393939393939403,3.89,3.39,240.86328125,209.7734375,235.644349,235.644349,134.160316,134.160316,[0],[0],19,0
44,carddemo73,samples/m2/unikix/UniKix_CardDemo_runtime_v1.zip!/migrated_app/cbl/CBACT01C.cbl,native,1,0,,253.144826,136.256773,46.174379641478424,177.535021,30.426856,1.43,1.24,13.286713286713281,4.3,3.75,261.75390625,218.5234375,253.144826,253.144826,136.256773,136.256773,[0],[0],19,0
45,carddemo73,samples/m2/unikix/UniKix_CardDemo_runtime_v1.zip!/migrated_app/cbl/CBACT02C.cbl,native,1,0,,261.243922,139.985312,46.415858815655056,190.10276,28.921252,1.4,1.23,12.142857142857133,4.489999999999999,3.75,265.06640625,215.3046875,261.243922,261.243922,139.985312,139.985312,[0],[0],19,0
46,carddemo73,samples/m2/unikix/UniKix_CardDemo_runtime_v1.zip!/migrated_app/cbl/CBACT03C.cbl,native,1,0,,252.325469,145.75613,42.23487205724761,177.535051,32.333187,1.39,1.24,10.79136690647482,4.3,3.73,262.2890625,213.828125,252.325469,252.325469,145.75613,145.75613,[0],[0],19,0
47,carddemo73,samples/m2/unikix/UniKix_CardDemo_runtime_v1.zip!/migrated_app/cbl/CBACT04C.cbl,native,1,0,,461.777261,156.598006,66.08797807391386,365.107266,31.716297,1.86,1.48,20.430107526881724,5.4399999999999995,4.46,290.87890625,252.58984375,461.777261,461.777261,156.598006,156.598006,[0],[0],19,0
48,carddemo73,samples/m2/unikix/UniKix_CardDemo_runtime_v1.zip!/migrated_app/cbl/CBCUS01C.cbl,native,1,0,,241.292486,142.104259,41.10705171316441,168.866101,28.677781,1.39,1.24,10.79136690647482,4.2700000000000005,3.77,259.21875,215.73828125,241.292486,241.292486,142.104259,142.104259,[0],[0],19,0
49,carddemo73,samples/m2/unikix/UniKix_CardDemo_runtime_v1.zip!/migrated_app/cbl/CBSTM03A.cbl,native,1,0,,430.353825,193.511108,55.03441662218292,311.106487,39.250006,2.03,1.75,13.793103448275856,6.42,5.6499999999999995,315.78515625,277.6796875,430.353825,430.353825,193.511108,193.511108,[0],[0],19,0
50,carddemo73,samples/m2/unikix/UniKix_CardDemo_runtime_v1.zip!/migrated_app/cbl/CBSTM03B.cbl,native,1,0,,214.066591,134.898365,36.982990026687524,135.095524,27.59249,1.33,1.19,10.526315789473696,4.15,3.36,259.75,195.81640625,214.066591,214.066591,134.898365,134.898365,[0],[0],19,0
51,carddemo73,samples/m2/unikix/UniKix_CardDemo_runtime_v1.zip!/migrated_app/cbl/CBTRN01C.cbl,native,1,0,,390.261219,147.067339,62.315666574085085,299.393009,30.340979,1.71,1.45,15.204678362573098,5.19,4.55,283.234375,260.3984375,390.261219,390.261219,147.067339,147.067339,[0],[0],19,0
52,carddemo73,samples/m2/unikix/UniKix_CardDemo_runtime_v1.zip!/migrated_app/cbl/CBTRN02C.cbl,native,1,0,,444.19112,160.215906,63.930862462986646,349.014427,33.522217,1.88,1.55,17.553191489361698,5.96,4.720000000000001,310.1796875,253.90234375,444.19112,444.19112,160.215906,160.215906,[0],[0],19,0
53,carddemo73,samples/m2/unikix/UniKix_CardDemo_runtime_v1.zip!/migrated_app/cbl/CBTRN03C.cbl,native,1,0,,579.038152,159.502099,72.45395688538326,478.14518,30.53897,2.01,1.55,22.885572139303466,5.970000000000001,4.89,312.55859375,273.875,579.038152,579.038152,159.502099,159.502099,[0],[0],19,0
54,carddemo73,samples/m2/unikix/UniKix_CardDemo_runtime_v1.zip!/migrated_app/cbl/COACTUPC.cl2,native,1,0,,2401.500934,353.262869,85.28991332051675,2163.328793,97.146479,5.15,3.05,40.77669902912622,12.72,9.98,410.6875,359.25,2401.500934,2401.500934,353.262869,353.262869,[0],[0],19,0
55,carddemo73,samples/m2/unikix/UniKix_CardDemo_runtime_v1.zip!/migrated_app/cbl/COACTVWC.cl2,native,1,0,,1357.194763,239.567593,82.34832615545541,1199.798799,44.267907,3.11,1.92,38.2636655948553,7.95,6.14,361.76171875,336.84765625,1357.194763,1357.194763,239.567593,239.567593,[0],[0],19,0
56,carddemo73,samples/m2/unikix/UniKix_CardDemo_runtime_v1.zip!/migrated_app/cbl/COADM01C.cl2,native,1,0,,434.508639,209.713006,51.73559575647471,308.67365,37.59987,1.87,1.57,16.042780748663098,5.8100000000000005,5.08,315.65625,275.1796875,434.508639,434.508639,209.713006,209.713006,[0],[0],19,0
57,carddemo73,samples/m2/unikix/UniKix_CardDemo_runtime_v1.zip!/migrated_app/cbl/COBIL00C.cl2,native,1,0,,835.641557,226.976762,72.83802365994588,692.653564,39.139956,2.29,1.6,30.13100436681222,6.14,5.17,334.0078125,274.5859375,835.641557,835.641557,226.976762,226.976762,[0],[0],19,0
58,carddemo73,samples/m2/unikix/UniKix_CardDemo_runtime_v1.zip!/migrated_app/cbl/COCRDLIC.cl2,native,1,0,,1410.271325,267.102029,81.06023824883485,1221.960869,57.802663,3.35,2.14,36.11940298507462,8.64,6.76,365.140625,315.08984375,1410.271325,1410.271325,267.102029,267.102029,[0],[0],19,0
59,carddemo73,samples/m2/unikix/UniKix_CardDemo_runtime_v1.zip!/migrated_app/cbl/COCRDSLC.cl2,native,1,0,,660.824162,246.077653,62.76200733108182,494.674813,43.002339,2.29,1.75,23.580786026200872,6.54,5.58,334.21875,286.90625,660.824162,660.824162,246.077653,246.077653,[0],[0],19,0
60,carddemo73,samples/m2/unikix/UniKix_CardDemo_runtime_v1.zip!/migrated_app/cbl/COCRDUPC.cl2,native,1,0,,1218.771278,248.799607,79.58602967668557,1049.107178,52.819425,3.06,1.99,34.967320261437905,8.11,6.359999999999999,355.59375,319.73046875,1218.771278,1218.771278,248.799607,248.799607,[0],[0],19,0
61,carddemo73,samples/m2/unikix/UniKix_CardDemo_runtime_v1.zip!/migrated_app/cbl/COMEN01C.cl2,native,1,0,,451.123215,201.753786,55.277454298156655,326.187389,34.556995,1.88,1.59,15.42553191489361,5.63,5.1499999999999995,293.51171875,275.5,451.123215,451.123215,201.753786,201.753786,[0],[0],19,0
62,carddemo73,samples/m2/unikix/UniKix_CardDemo_runtime_v1.zip!/migrated_app/cbl/CORPT00C.cl2,native,1,0,,3828.939629,226.416725,94.08669900969076,3684.930712,35.887951,5.4,1.76,67.4074074074074,10.09,5.74,359.16796875,271.6953125,3828.939629,3828.939629,226.416725,226.416725,[0],[0],19,0
63,carddemo73,samples/m2/unikix/UniKix_CardDemo_runtime_v1.zip!/migrated_app/cbl/COSGN00C.cl2,native,1,0,,406.50909,187.791873,53.80377029207391,281.610632,28.906886,1.73,1.46,15.606936416184968,5.41,4.72,308.72265625,269.1953125,406.50909,406.50909,187.791873,187.791873,[0],[0],19,0
64,carddemo73,samples/m2/unikix/UniKix_CardDemo_runtime_v1.zip!/migrated_app/cbl/COTRN00C.cl2,native,1,0,,1126.439129,243.748585,78.36114009849884,960.380126,45.714023,2.93,1.98,32.423208191126285,7.6499999999999995,6.47,356.19921875,334.953125,1126.439129,1126.439129,243.748585,243.748585,[0],[0],19,0
65,carddemo73,samples/m2/unikix/UniKix_CardDemo_runtime_v1.zip!/migrated_app/cbl/COTRN01C.cl2,native,1,0,,633.658436,210.332581,66.80663129370852,508.846705,34.137924,2.12,1.58,25.47169811320755,6.06,4.88,315.25,267.0703125,633.658436,633.658436,210.332581,210.332581,[0],[0],19,0
66,carddemo73,samples/m2/unikix/UniKix_CardDemo_runtime_v1.zip!/migrated_app/cbl/COTRN02C.cl2,native,1,0,,897.493713,245.776638,72.61522454809663,747.89166,41.390042,2.51,1.74,30.67729083665338,7.02,5.52,354.09765625,266.79296875,897.493713,897.493713,245.776638,245.776638,[0],[0],19,0
67,carddemo73,samples/m2/unikix/UniKix_CardDemo_runtime_v1.zip!/migrated_app/cbl/COUSR00C.cl2,native,1,0,,1107.357302,228.696234,79.34756617516754,953.722317,41.431577,2.9,1.93,33.44827586206897,7.7,6.08,358.03125,314.32421875,1107.357302,1107.357302,228.696234,228.696234,[0],[0],19,0
68,carddemo73,samples/m2/unikix/UniKix_CardDemo_runtime_v1.zip!/migrated_app/cbl/COUSR01C.cl2,native,1,0,,485.830905,189.83799,60.92508976965967,367.383911,29.417534,1.86,1.5,19.354838709677423,5.51,4.79,289.46484375,270.6875,485.830905,485.830905,189.83799,189.83799,[0],[0],19,0
69,carddemo73,samples/m2/unikix/UniKix_CardDemo_runtime_v1.zip!/migrated_app/cbl/COUSR02C.cl2,native,1,0,,703.417237,202.528953,71.20784900526968,566.27646,30.128796,2.13,1.57,26.291079812206565,5.87,5.050000000000001,335.453125,272.92578125,703.417237,703.417237,202.528953,202.528953,[0],[0],19,0
70,carddemo73,samples/m2/unikix/UniKix_CardDemo_runtime_v1.zip!/migrated_app/cbl/COUSR03C.cl2,native,1,0,,540.25342,199.715555,63.03298644550922,421.866214,30.835639,1.94,1.58,18.556701030927826,5.73,4.92,298.0234375,260.28125,540.25342,540.25342,199.715555,199.715555,[0],[0],19,0
71,carddemo73,samples/m2/unikix/UniKix_CardDemo_runtime_v1.zip!/migrated_app/cbl/CSUTLDTC.cbl,native,1,0,,253.542068,133.866542,47.20144745368251,181.770832,30.076019,1.37,1.17,14.598540145985417,3.9699999999999998,3.34,244.91015625,199.1953125,253.542068,253.542068,133.866542,133.866542,[0],[0],19,0
72,carddemo73,samples/m2/unikix/UniKix_CardDemo_runtime_v1.zip!/migrated_app/cbl/SDSF.cbl,native,1,0,,66.469018,108.795891,-63.679100840635236,17.747334,24.929394,0.94,0.93,1.0638297872340274,2.71,2.77,188.5859375,183.5703125,66.469018,66.469018,108.795891,108.795891,[0],[0],19,0
