case,group,source,trial,mode,exitCode,wallSeconds,userSeconds,systemSeconds,cpuSeconds,peakRssKiB,syntaxMs,recognitionMs,indexingMs,astMs,artifactBytes,parserErrors,pre_unresolvedCopies,pre_errors,directory,analysis_completed_ms,ast_built_ms,external_classification_completed_ms,lexing_completed_ms,normalization_completed_ms,parsing_completed_ms,preprocessing_completed_ms,references_collected_ms,resolution_completed_ms,semantic_product_published_ms,symbol_tables_built_ms
0,carddemo73,app/app-authorization-ims-db2-mq/cbl/CBPAUP0C.cbl,0,antlr,0,1.59,4.64,0.27,4.91,309696.0,333.062872,243.464649,7.003095,82.595128,4411488,0,0,0,runs/0-000-antlr,1352,36,25,18,13,401,173,5,646,489,9
0,carddemo73,app/app-authorization-ims-db2-mq/cbl/CBPAUP0C.cbl,0,direct-ast-lab,0,1.32,3.87,0.21,4.08,254468.0,139.685158,26.031426,4.183777,109.469955,4411488,0,0,0,runs/0-000-direct-ast-lab,1089,41,27,14,13,142,152,5,664,496,11
1,carddemo73,app/app-authorization-ims-db2-mq/cbl/COPAUA0C.cbl,0,direct-ast-lab,0,2.59,8.34,0.34,8.68,384976.0,386.608446,81.144845,21.784053,283.679548,71252156,0,0,0,runs/0-001-direct-ast-lab,2350,141,77,28,25,390,239,21,1354,1130,45
1,carddemo73,app/app-authorization-ims-db2-mq/cbl/COPAUA0C.cbl,0,antlr,0,3.83,9.69,0.42,10.11,493740.0,1598.952353,1348.304441,35.839634,214.808278,71252156,0,0,0,runs/0-001-antlr,3596,152,70,30,25,1674,235,14,1311,1097,42
2,carddemo73,app/app-authorization-ims-db2-mq/cbl/COPAUS0C.cbl,0,antlr,0,3.44,8.42,0.36,8.78,376896.0,1415.285698,1218.167681,26.719875,170.398142,32847976,0,0,0,runs/0-002-antlr,3198,77,87,22,22,1486,309,12,1165,911,28
2,carddemo73,app/app-authorization-ims-db2-mq/cbl/COPAUS0C.cbl,0,direct-ast-lab,0,2.11,6.62,0.3,6.92,331732.0,247.308529,49.311756,10.242928,187.753845,32847976,0,0,0,runs/0-002-direct-ast-lab,1863,82,69,30,23,250,321,12,1042,813,26
3,carddemo73,app/app-authorization-ims-db2-mq/cbl/COPAUS1C.cbl,0,direct-ast-lab,0,1.88,5.86,0.24,6.1000000000000005,281876.0,235.72149,38.05655,12.389265,185.275675,18270058,0,0,0,runs/0-003-direct-ast-lab,1642,61,43,25,17,238,251,8,951,761,18
3,carddemo73,app/app-authorization-ims-db2-mq/cbl/COPAUS1C.cbl,0,antlr,0,2.57,6.85,0.31,7.159999999999999,363916.0,901.606359,760.551826,13.964626,127.089907,18270058,0,0,0,runs/0-003-antlr,2311,56,54,24,18,973,279,8,869,682,19
4,carddemo73,app/app-authorization-ims-db2-mq/cbl/COPAUS2C.cbl,0,antlr,0,1.47,4.19,0.23,4.420000000000001,270968.0,243.031764,145.079832,6.05285,91.899082,3303816,0,0,0,runs/0-004-antlr,1233,37,32,18,14,313,179,4,609,442,11
4,carddemo73,app/app-authorization-ims-db2-mq/cbl/COPAUS2C.cbl,0,direct-ast-lab,0,1.33,3.85,0.21,4.0600000000000005,267392.0,157.832587,25.85799,4.435183,127.539414,3303816,0,0,0,runs/0-004-direct-ast-lab,1098,34,30,18,12,160,167,5,633,467,12
5,carddemo73,app/app-authorization-ims-db2-mq/cbl/DBUNLDGS.CBL,0,direct-ast-lab,0,1.34,3.91,0.2,4.11,251300.0,142.476677,26.58435,3.714896,112.177431,4302335,0,0,0,runs/0-005-direct-ast-lab,1104,39,26,19,16,144,160,5,658,484,11
5,carddemo73,app/app-authorization-ims-db2-mq/cbl/DBUNLDGS.CBL,0,antlr,0,1.47,4.22,0.24,4.46,287308.0,277.493737,196.864258,7.377245,73.252234,4302335,0,0,0,runs/0-005-antlr,1246,37,31,19,14,346,154,5,608,444,12
6,carddemo73,app/app-authorization-ims-db2-mq/cbl/PAUDBLOD.CBL,0,antlr,0,1.52,4.36,0.22,4.58,291560.0,269.536088,186.46209,7.090214,75.983784,4884597,0,0,0,runs/0-006-antlr,1289,38,26,18,16,336,159,5,650,486,15
6,carddemo73,app/app-authorization-ims-db2-mq/cbl/PAUDBLOD.CBL,0,direct-ast-lab,0,1.36,3.82,0.21,4.03,234660.0,149.631306,31.372042,3.799639,114.459625,4884597,0,0,0,runs/0-006-direct-ast-lab,1133,35,29,20,14,153,159,5,681,513,13
7,carddemo73,app/app-authorization-ims-db2-mq/cbl/PAUDBUNL.CBL,0,direct-ast-lab,0,1.32,3.72,0.2,3.9200000000000004,232196.0,147.106884,32.126132,4.383339,110.597413,4356295,0,0,0,runs/0-007-direct-ast-lab,1096,35,24,20,16,150,152,5,656,493,13
7,carddemo73,app/app-authorization-ims-db2-mq/cbl/PAUDBUNL.CBL,0,antlr,0,1.54,4.37,0.23,4.6000000000000005,294832.0,292.500103,200.975542,6.83491,84.689651,4356295,0,0,0,runs/0-007-antlr,1301,38,26,19,14,359,153,5,646,475,14
8,carddemo73,app/app-transaction-type-db2/cbl/COBTUPDT.cbl,0,antlr,0,1.38,3.99,0.21,4.2,252184.0,246.330825,158.453355,4.804273,83.073197,2503603,0,0,0,runs/0-008-antlr,1152,27,22,22,11,322,130,5,579,434,9
8,carddemo73,app/app-transaction-type-db2/cbl/COBTUPDT.cbl,0,direct-ast-lab,0,1.21,3.28,0.19,3.4699999999999998,215220.0,143.02489,31.961362,3.361042,107.702486,2503603,0,0,0,runs/0-008-direct-ast-lab,990,27,22,20,11,145,131,5,595,451,10
9,carddemo73,app/app-transaction-type-db2/cbl/COTRTLIC.cbl,0,direct-ast-lab,0,2.26,7.0,0.25,7.25,332528.0,283.86795,64.155086,13.128357,206.584507,35489967,0,0,0,runs/0-009-direct-ast-lab,2016,96,62,24,55,287,322,12,1105,889,31
9,carddemo73,app/app-transaction-type-db2/cbl/COTRTLIC.cbl,0,antlr,0,3.93,9.33,0.31,9.64,355292.0,1850.968449,1657.240497,25.801307,167.926645,35489967,0,0,0,runs/0-009-antlr,3689,94,63,23,53,1922,342,12,1138,915,24
10,carddemo73,app/app-transaction-type-db2/cbl/COTRTUPC.cbl,0,antlr,0,2.71,7.19,0.28,7.470000000000001,351120.0,938.644891,775.757115,14.775939,148.111837,23922253,0,0,0,runs/0-010-antlr,2480,76,56,29,31,1010,288,11,934,730,25
10,carddemo73,app/app-transaction-type-db2/cbl/COTRTUPC.cbl,0,direct-ast-lab,0,1.96,5.88,0.3,6.18,331292.0,237.625388,39.965055,9.465878,188.194455,23922253,0,0,0,runs/0-010-direct-ast-lab,1725,78,56,32,31,240,282,10,956,755,23
11,carddemo73,app/app-vsam-mq/cbl/COACCT01.cbl,0,direct-ast-lab,0,2.39,7.59,0.3,7.89,370544.0,335.574824,72.708927,21.527898,241.337999,64781794,0,0,0,runs/0-011-direct-ast-lab,2147,149,62,22,19,339,205,14,1252,1046,39
11,carddemo73,app/app-vsam-mq/cbl/COACCT01.cbl,0,antlr,0,3.54,8.9,0.39,9.290000000000001,440160.0,1443.224749,1205.25715,48.138726,189.828873,64781794,0,0,0,runs/0-011-antlr,3315,143,75,27,19,1511,201,15,1258,1038,41
12,carddemo73,app/app-vsam-mq/cbl/CODATE01.cbl,0,antlr,0,3.4,8.79,0.38,9.17,472372.0,1364.024183,1140.268028,36.606036,187.150119,63335115,0,0,0,runs/0-012-antlr,3164,124,60,21,18,1434,189,12,1232,1030,38
12,carddemo73,app/app-vsam-mq/cbl/CODATE01.cbl,0,direct-ast-lab,0,2.3,7.13,0.3,7.43,356972.0,343.61334,72.376654,21.204812,250.031874,63335115,0,0,0,runs/0-012-direct-ast-lab,2064,148,55,25,18,348,188,12,1181,990,39
13,carddemo73,app/cbl/CBACT01C.cbl,0,direct-ast-lab,0,1.47,4.36,0.22,4.58,260836.0,148.92321,27.104133,4.649211,117.169866,6450963,0,0,0,runs/0-013-direct-ast-lab,1244,43,38,19,14,151,152,8,793,614,14
13,carddemo73,app/cbl/CBACT01C.cbl,0,antlr,0,1.67,4.75,0.23,4.98,290256.0,341.379604,248.114432,9.033132,84.23204,6450963,0,0,0,runs/0-013-antlr,1430,38,37,19,15,412,180,5,697,526,13
14,carddemo73,app/cbl/CBACT02C.cbl,0,antlr,0,1.4,4.04,0.23,4.2700000000000005,267896.0,249.135867,172.569656,5.203367,71.362844,2074612,0,0,0,runs/0-014-antlr,1168,26,29,20,11,319,113,4,619,459,11
14,carddemo73,app/cbl/CBACT02C.cbl,0,direct-ast-lab,0,1.23,3.58,0.18,3.7600000000000002,222196.0,145.123291,35.399545,3.138098,106.585648,2074612,0,0,0,runs/0-014-direct-ast-lab,1001,25,25,17,11,147,121,4,620,461,10
15,carddemo73,app/cbl/CBACT03C.cbl,0,direct-ast-lab,0,1.18,3.27,0.19,3.46,209456.0,140.971821,30.502693,2.976744,107.492384,2030977,0,0,0,runs/0-015-direct-ast-lab,961,26,25,15,11,143,112,4,598,441,10
15,carddemo73,app/cbl/CBACT03C.cbl,0,antlr,0,1.4,4.12,0.2,4.32,267156.0,241.300731,166.505554,4.968542,69.826635,2030977,0,0,0,runs/0-015-antlr,1175,26,24,20,10,311,109,4,640,485,10
16,carddemo73,app/cbl/CBACT04C.cbl,0,antlr,0,1.85,5.51,0.25,5.76,319156.0,479.286462,378.414559,10.514441,90.357462,9002843,0,0,0,runs/0-016-antlr,1627,45,37,20,20,548,161,6,757,578,15
16,carddemo73,app/cbl/CBACT04C.cbl,0,direct-ast-lab,0,1.49,4.46,0.25,4.71,279952.0,158.355306,31.579699,4.942855,121.832752,9002843,0,0,0,runs/0-016-direct-ast-lab,1254,44,42,16,21,161,168,7,767,582,15
17,carddemo73,app/cbl/CBCUS01C.cbl,0,direct-ast-lab,0,1.21,3.23,0.19,3.42,201524.0,137.989278,27.784108,3.019793,107.185377,2290270,0,0,0,runs/0-017-direct-ast-lab,978,25,25,19,10,140,116,5,610,455,10
17,carddemo73,app/cbl/CBCUS01C.cbl,0,antlr,0,1.45,4.34,0.21,4.55,277524.0,288.114801,211.198554,6.075441,70.840806,2290270,0,0,0,runs/0-017-antlr,1218,26,26,20,10,363,116,4,624,469,10
18,carddemo73,app/cbl/CBEXPORT.cbl,0,antlr,0,1.69,4.93,0.22,5.1499999999999995,291528.0,307.332725,212.195665,9.487145,85.649915,8636900,0,0,0,runs/0-018-antlr,1452,43,39,20,16,375,168,7,749,575,15
18,carddemo73,app/cbl/CBEXPORT.cbl,0,direct-ast-lab,0,1.54,4.63,0.21,4.84,279420.0,153.220804,27.761486,6.343779,119.115539,8636900,0,0,0,runs/0-018-direct-ast-lab,1300,67,50,15,18,155,166,9,792,596,23
19,carddemo73,app/cbl/CBIMPORT.cbl,0,direct-ast-lab,0,1.49,4.49,0.23,4.720000000000001,280632.0,154.83227,29.274885,5.084532,120.472853,7706318,0,0,0,runs/0-019-direct-ast-lab,1259,45,41,19,14,157,172,6,777,589,15
19,carddemo73,app/cbl/CBIMPORT.cbl,0,antlr,0,1.68,5.06,0.26,5.319999999999999,311160.0,317.703275,219.105331,9.983056,88.614888,7706318,0,0,0,runs/0-019-antlr,1444,42,38,20,15,386,169,6,738,563,14
20,carddemo73,app/cbl/CBSTM03A.CBL,0,antlr,0,2.01,5.84,0.26,6.1,309704.0,417.651751,305.996779,13.876736,97.778236,14924366,0,0,0,runs/0-020-antlr,1771,58,49,23,20,488,186,11,911,720,15
20,carddemo73,app/cbl/CBSTM03A.CBL,0,direct-ast-lab,0,1.75,5.3,0.28,5.58,287052.0,190.948585,38.124522,6.802361,146.021702,14924366,0,0,0,runs/0-020-direct-ast-lab,1520,65,55,24,21,194,191,10,932,724,15
21,carddemo73,app/cbl/CBSTM03B.CBL,0,direct-ast-lab,0,1.2,3.54,0.18,3.72,221304.0,137.471809,27.213783,2.5777,107.680326,2027042,0,0,0,runs/0-021-direct-ast-lab,969,27,23,19,10,139,110,4,605,454,10
21,carddemo73,app/cbl/CBSTM03B.CBL,0,antlr,0,1.34,3.92,0.23,4.15,269072.0,226.143921,149.461027,4.775651,71.907243,2027042,0,0,0,runs/0-021-antlr,1106,26,21,19,11,297,108,4,586,438,10
22,carddemo73,app/cbl/CBTRN01C.cbl,0,antlr,0,1.72,4.97,0.23,5.2,294976.0,397.981516,306.527593,11.254174,80.199749,7225169,0,0,0,runs/0-022-antlr,1484,39,35,14,14,468,156,6,721,552,13
22,carddemo73,app/cbl/CBTRN01C.cbl,0,direct-ast-lab,0,1.45,4.35,0.23,4.58,268268.0,147.753276,26.717271,5.765809,115.270196,7225169,0,0,0,runs/0-022-direct-ast-lab,1222,43,40,15,15,150,159,6,770,580,14
23,carddemo73,app/cbl/CBTRN02C.cbl,0,direct-ast-lab,0,1.59,4.79,0.25,5.04,286964.0,157.896893,30.586635,5.021658,122.2886,10137393,0,0,0,runs/0-023-direct-ast-lab,1345,47,44,20,25,162,177,8,831,642,16
23,carddemo73,app/cbl/CBTRN02C.cbl,0,antlr,0,1.85,5.34,0.25,5.59,295676.0,451.420576,352.85527,9.132883,89.432423,10137393,0,0,0,runs/0-023-antlr,1619,46,39,20,21,522,165,6,766,591,14
24,carddemo73,app/cbl/CBTRN03C.cbl,0,antlr,0,2.05,5.73,0.27,6.0,320772.0,603.761501,503.344855,9.716662,90.699984,9613792,0,0,0,runs/0-024-antlr,1820,47,46,20,19,673,170,7,813,629,14
24,carddemo73,app/cbl/CBTRN03C.cbl,0,direct-ast-lab,0,1.57,4.77,0.24,5.01,281588.0,164.03046,29.493401,4.981084,129.555975,9613792,0,0,0,runs/0-024-direct-ast-lab,1344,48,44,17,20,167,174,7,836,643,15
25,carddemo73,app/cbl/COACTUPC.cbl,0,direct-ast-lab,0,3.02,9.68,0.29,9.969999999999999,365168.0,343.605015,88.28549,23.547716,231.771809,67064718,0,0,0,runs/0-025-direct-ast-lab,2787,149,120,30,49,349,506,20,1532,1222,37
25,carddemo73,app/cbl/COACTUPC.cbl,0,antlr,0,5.4,12.26,0.39,12.65,403900.0,2677.195254,2433.076246,39.807739,204.311269,67064718,0,0,0,runs/0-025-antlr,5164,137,108,26,47,2758,496,21,1534,1241,33
26,carddemo73,app/cbl/COACTVWC.cbl,0,antlr,0,3.13,7.71,0.31,8.02,368756.0,1369.82166,1204.504373,15.82866,149.488627,23937362,0,0,0,runs/0-026-antlr,2898,71,53,27,24,1446,280,11,945,748,22
26,carddemo73,app/cbl/COACTVWC.cbl,0,direct-ast-lab,0,1.9,5.88,0.29,6.17,343524.0,233.71181,44.820009,8.388761,180.50304,23937362,0,0,0,runs/0-026-direct-ast-lab,1668,72,51,29,24,237,283,9,923,732,21
27,carddemo73,app/cbl/COADM01C.cbl,0,direct-ast-lab,0,1.54,4.56,0.23,4.79,258256.0,206.676204,34.927178,5.68924,166.059786,12491274,0,0,0,runs/0-027-direct-ast-lab,1316,53,36,22,13,209,191,7,743,565,16
27,carddemo73,app/cbl/COADM01C.cbl,0,antlr,0,1.87,5.49,0.25,5.74,325016.0,427.556816,302.210255,11.414525,113.932036,12491274,0,0,0,runs/0-027-antlr,1633,50,37,17,13,500,195,6,778,606,16
28,carddemo73,app/cbl/COBIL00C.cbl,0,antlr,0,2.22,5.93,0.27,6.199999999999999,358832.0,802.129198,676.303937,9.250125,116.575136,12273337,0,0,0,runs/0-028-antlr,2000,48,45,20,16,874,202,8,762,586,14
28,carddemo73,app/cbl/COBIL00C.cbl,0,direct-ast-lab,0,1.64,4.77,0.22,4.989999999999999,258520.0,229.165967,33.638828,5.952147,189.574992,12273337,0,0,0,runs/0-028-direct-ast-lab,1410,58,46,22,16,232,196,8,805,606,16
29,carddemo73,app/cbl/COBSWAIT.cbl,0,direct-ast-lab,0,1.0,2.78,0.17,2.9499999999999997,202880.0,116.299925,26.741765,1.563639,87.994521,283259,0,0,0,runs/0-029-direct-ast-lab,771,20,19,19,6,118,76,3,483,329,7
29,carddemo73,app/cbl/COBSWAIT.cbl,0,antlr,0,1.05,2.8,0.17,2.9699999999999998,213992.0,122.213242,69.62043,1.837516,50.755296,283259,0,0,0,runs/0-029-antlr,827,17,17,15,6,191,76,3,472,327,7
30,carddemo73,app/cbl/COCRDLIC.cbl,0,antlr,0,3.32,8.04,0.32,8.36,350044.0,1397.49137,1207.736371,24.972112,164.782887,30312081,0,0,0,runs/0-030-antlr,3094,82,62,25,28,1469,320,13,1055,843,25
30,carddemo73,app/cbl/COCRDLIC.cbl,0,direct-ast-lab,0,2.11,6.45,0.26,6.71,345300.0,263.735996,56.241948,10.585721,196.908327,30312081,0,0,0,runs/0-030-direct-ast-lab,1873,84,69,24,30,267,305,13,1048,809,22
31,carddemo73,app/cbl/COCRDSLC.cbl,0,direct-ast-lab,0,1.78,5.49,0.25,5.74,297788.0,235.580124,40.941107,7.361857,187.27716,17305881,0,0,0,runs/0-031-direct-ast-lab,1543,62,49,22,23,238,220,9,886,696,17
31,carddemo73,app/cbl/COCRDSLC.cbl,0,antlr,0,2.33,6.39,0.25,6.64,346960.0,690.797072,507.476998,17.972432,165.347642,17305881,0,0,0,runs/0-031-antlr,2093,65,57,23,24,765,234,13,879,682,22
32,carddemo73,app/cbl/COCRDUPC.cbl,0,antlr,0,3.06,7.73,0.28,8.01,357108.0,1229.564354,1055.087325,15.374345,159.102684,24091712,0,0,0,runs/0-032-antlr,2829,79,60,22,30,1305,304,12,978,768,20
32,carddemo73,app/cbl/COCRDUPC.cbl,0,direct-ast-lab,0,2.02,5.95,0.25,6.2,325232.0,247.263136,48.952974,11.393828,186.916334,24091712,0,0,0,runs/0-032-direct-ast-lab,1783,75,66,26,31,250,301,12,989,771,21
33,carddemo73,app/cbl/COMEN01C.cbl,0,direct-ast-lab,0,1.62,4.79,0.23,5.0200000000000005,260204.0,222.247375,37.607002,6.771515,177.868858,13339334,0,0,0,runs/0-033-direct-ast-lab,1381,56,39,22,12,225,212,7,770,590,16
33,carddemo73,app/cbl/COMEN01C.cbl,0,antlr,0,1.94,5.55,0.26,5.81,305792.0,502.368273,368.911434,11.670681,121.786158,13339334,0,0,0,runs/0-033-antlr,1710,50,39,22,12,573,212,6,760,584,15
34,carddemo73,app/cbl/CORPT00C.cbl,0,antlr,0,5.59,9.88,0.3,10.180000000000001,359448.0,3961.723036,3815.828634,12.51278,133.381622,15351881,0,0,0,runs/0-034-antlr,5344,56,51,23,19,4038,218,8,900,707,16
34,carddemo73,app/cbl/CORPT00C.cbl,0,direct-ast-lab,0,1.75,5.3,0.23,5.53,262280.0,235.321085,37.225942,8.257333,189.83781,15351881,0,0,0,runs/0-034-direct-ast-lab,1518,66,47,18,17,239,233,8,858,669,15
35,carddemo73,app/cbl/COSGN00C.cbl,0,direct-ast-lab,0,1.43,4.3,0.22,4.52,259972.0,186.821853,27.212169,5.132279,154.477405,9007686,0,0,0,runs/0-035-direct-ast-lab,1197,46,32,19,11,189,175,6,684,518,14
35,carddemo73,app/cbl/COSGN00C.cbl,0,antlr,0,1.67,4.77,0.23,5.0,295148.0,397.635637,279.91393,8.865998,108.855709,9007686,0,0,0,runs/0-035-antlr,1442,42,32,15,11,463,165,6,668,503,14
36,carddemo73,app/cbl/COTRN00C.cbl,0,antlr,0,2.83,7.2,0.3,7.5,366328.0,1059.356908,902.828469,14.37989,142.148549,27326157,0,0,0,runs/0-036-antlr,2597,72,56,19,18,1131,289,10,966,766,22
36,carddemo73,app/cbl/COTRN00C.cbl,0,direct-ast-lab,0,1.93,5.96,0.24,6.2,324108.0,236.942567,39.980974,9.711603,187.24999,27326157,0,0,0,runs/0-036-direct-ast-lab,1687,75,52,20,18,240,274,10,961,772,20
37,carddemo73,app/cbl/COTRN01C.cbl,0,direct-ast-lab,0,1.62,4.91,0.23,5.140000000000001,281504.0,203.294401,33.196023,6.018608,164.07977,12752075,0,0,0,runs/0-037-direct-ast-lab,1384,57,48,21,12,206,194,7,808,618,18
37,carddemo73,app/cbl/COTRN01C.cbl,0,antlr,0,2.1,6.01,0.25,6.26,321648.0,639.295612,517.727861,9.611722,111.956029,12752075,0,0,0,runs/0-037-antlr,1857,49,48,16,13,708,195,7,792,610,17
38,carddemo73,app/cbl/COTRN02C.cbl,0,antlr,0,2.52,6.77,0.27,7.039999999999999,362092.0,897.96643,754.799933,14.260953,128.905544,17910848,0,0,0,runs/0-038-antlr,2286,66,60,24,18,970,242,10,873,672,17
38,carddemo73,app/cbl/COTRN02C.cbl,0,direct-ast-lab,0,1.77,5.55,0.27,5.82,294664.0,236.033576,40.369278,8.372071,187.292227,17910848,0,0,0,runs/0-038-direct-ast-lab,1536,63,50,25,19,239,234,9,866,670,15
39,carddemo73,app/cbl/COUSR00C.cbl,0,direct-ast-lab,0,1.93,6.04,0.28,6.32,341836.0,236.049946,42.464352,9.375423,184.210171,27213656,0,0,0,runs/0-039-direct-ast-lab,1696,73,53,23,17,239,272,9,972,779,21
39,carddemo73,app/cbl/COUSR00C.cbl,0,antlr,0,2.9,7.32,0.3,7.62,368356.0,1084.801898,928.089996,16.603998,140.107904,27213656,0,0,0,runs/0-039-antlr,2658,74,57,24,18,1154,286,10,1000,797,22
40,carddemo73,app/cbl/COUSR01C.cbl,0,antlr,0,1.84,5.29,0.25,5.54,316424.0,475.128212,360.898795,8.831375,105.398042,9841648,0,0,0,runs/0-040-antlr,1609,44,37,20,12,542,191,6,726,552,13
40,carddemo73,app/cbl/COUSR01C.cbl,0,direct-ast-lab,0,1.5,4.61,0.21,4.82,277540.0,187.766719,28.638259,5.385007,153.743453,9841648,0,0,0,runs/0-040-direct-ast-lab,1280,49,37,21,12,190,179,6,752,577,14
41,carddemo73,app/cbl/COUSR02C.cbl,0,direct-ast-lab,0,1.6,4.73,0.19,4.920000000000001,255620.0,202.341924,30.463042,5.746885,166.131997,11224945,0,0,0,runs/0-041-direct-ast-lab,1373,53,44,20,14,204,200,8,796,605,15
41,carddemo73,app/cbl/COUSR02C.cbl,0,antlr,0,2.14,5.72,0.25,5.97,333812.0,700.960565,566.351486,10.368966,124.240113,11224945,0,0,0,runs/0-041-antlr,1915,51,48,20,14,770,191,9,783,594,18
42,carddemo73,app/cbl/COUSR03C.cbl,0,antlr,0,1.94,5.36,0.26,5.62,301588.0,561.637467,434.651027,11.629336,115.357104,10234991,0,0,0,runs/0-042-antlr,1704,46,41,20,13,631,176,6,745,571,13
42,carddemo73,app/cbl/COUSR03C.cbl,0,direct-ast-lab,0,1.54,4.58,0.23,4.8100000000000005,258868.0,199.550774,28.49085,5.714716,165.345208,10234991,0,0,0,runs/0-042-direct-ast-lab,1312,52,44,16,13,202,193,6,755,573,15
43,carddemo73,app/cbl/CSUTLDTC.cbl,0,direct-ast-lab,0,1.13,3.2,0.19,3.39,214808.0,134.160316,32.090808,2.29128,99.778228,1686848,0,0,0,runs/0-043-direct-ast-lab,911,27,28,20,9,136,118,5,544,387,8
43,carddemo73,app/cbl/CSUTLDTC.cbl,0,antlr,0,1.32,3.7,0.19,3.89,246644.0,235.644349,169.254045,4.519065,61.871239,1686848,0,0,0,runs/0-043-antlr,1084,27,26,19,9,308,128,4,533,379,9
44,carddemo73,samples/m2/unikix/UniKix_CardDemo_runtime_v1.zip!/migrated_app/cbl/CBACT01C.cbl,0,antlr,0,1.43,4.08,0.22,4.3,268036.0,253.144826,177.535021,5.178703,70.431102,2405141,0,0,0,runs/0-044-antlr,1192,27,26,19,12,329,122,4,623,464,10
44,carddemo73,samples/m2/unikix/UniKix_CardDemo_runtime_v1.zip!/migrated_app/cbl/CBACT01C.cbl,0,direct-ast-lab,0,1.24,3.56,0.19,3.75,223768.0,136.256773,30.426856,2.570979,103.258938,2405141,0,0,0,runs/0-044-direct-ast-lab,1013,27,30,19,11,139,122,5,634,474,12
45,carddemo73,samples/m2/unikix/UniKix_CardDemo_runtime_v1.zip!/migrated_app/cbl/CBACT02C.cbl,0,direct-ast-lab,0,1.23,3.57,0.18,3.75,220472.0,139.985312,28.921252,2.62693,108.43713,2065525,0,0,0,runs/0-045-direct-ast-lab,1001,26,25,20,11,143,125,4,618,460,10
45,carddemo73,samples/m2/unikix/UniKix_CardDemo_runtime_v1.zip!/migrated_app/cbl/CBACT02C.cbl,0,antlr,0,1.4,4.27,0.22,4.489999999999999,271428.0,261.243922,190.10276,4.800246,66.340916,2065525,0,0,0,runs/0-045-antlr,1171,25,25,17,11,334,113,4,613,453,10
46,carddemo73,samples/m2/unikix/UniKix_CardDemo_runtime_v1.zip!/migrated_app/cbl/CBACT03C.cbl,0,antlr,0,1.39,4.08,0.22,4.3,268584.0,252.325469,177.535051,5.582066,69.208352,2022434,0,0,0,runs/0-046-antlr,1160,26,24,15,11,329,122,4,597,438,10
46,carddemo73,samples/m2/unikix/UniKix_CardDemo_runtime_v1.zip!/migrated_app/cbl/CBACT03C.cbl,0,direct-ast-lab,0,1.24,3.53,0.2,3.73,218960.0,145.75613,32.333187,2.879198,110.543745,2022434,0,0,0,runs/0-046-direct-ast-lab,1012,26,26,21,11,148,113,4,635,474,10
47,carddemo73,samples/m2/unikix/UniKix_CardDemo_runtime_v1.zip!/migrated_app/cbl/CBACT04C.cbl,0,direct-ast-lab,0,1.48,4.26,0.2,4.46,258652.0,156.598006,31.716297,4.755375,120.126334,8985486,0,0,0,runs/0-047-direct-ast-lab,1251,46,41,16,20,159,163,7,769,577,15
47,carddemo73,samples/m2/unikix/UniKix_CardDemo_runtime_v1.zip!/migrated_app/cbl/CBACT04C.cbl,0,antlr,0,1.86,5.18,0.26,5.4399999999999995,297860.0,461.777261,365.107266,9.222716,87.447279,8985486,0,0,0,runs/0-047-antlr,1622,46,39,20,21,530,167,7,758,580,14
48,carddemo73,samples/m2/unikix/UniKix_CardDemo_runtime_v1.zip!/migrated_app/cbl/CBCUS01C.cbl,0,antlr,0,1.39,4.07,0.2,4.2700000000000005,265440.0,241.292486,168.866101,5.313027,67.113358,2278852,0,0,0,runs/0-048-antlr,1159,29,27,15,10,313,127,4,606,450,10
48,carddemo73,samples/m2/unikix/UniKix_CardDemo_runtime_v1.zip!/migrated_app/cbl/CBCUS01C.cbl,0,direct-ast-lab,0,1.24,3.55,0.22,3.77,220916.0,142.104259,28.677781,2.95228,110.474198,2278852,0,0,0,runs/0-048-direct-ast-lab,1013,25,26,20,10,145,120,5,634,472,9
49,carddemo73,samples/m2/unikix/UniKix_CardDemo_runtime_v1.zip!/migrated_app/cbl/CBSTM03A.cbl,0,direct-ast-lab,0,1.75,5.43,0.22,5.6499999999999995,284344.0,193.511108,39.250006,6.571802,147.6893,14595044,0,0,0,runs/0-049-direct-ast-lab,1513,67,51,23,20,196,207,10,911,714,15
49,carddemo73,samples/m2/unikix/UniKix_CardDemo_runtime_v1.zip!/migrated_app/cbl/CBSTM03A.cbl,0,antlr,0,2.03,6.17,0.25,6.42,323364.0,430.353825,311.106487,16.027471,103.219867,14595044,0,0,0,runs/0-049-antlr,1798,58,48,23,20,507,193,10,914,723,14
50,carddemo73,samples/m2/unikix/UniKix_CardDemo_runtime_v1.zip!/migrated_app/cbl/CBSTM03B.cbl,0,antlr,0,1.33,3.94,0.21,4.15,265984.0,214.066591,135.095524,6.282356,72.688711,2027758,0,0,0,runs/0-050-antlr,1102,26,26,18,10,284,109,4,596,438,11
50,carddemo73,samples/m2/unikix/UniKix_CardDemo_runtime_v1.zip!/migrated_app/cbl/CBSTM03B.cbl,0,direct-ast-lab,0,1.19,3.17,0.19,3.36,200516.0,134.898365,27.59249,2.812787,104.493088,2027758,0,0,0,runs/0-050-direct-ast-lab,967,26,25,20,11,137,111,4,604,427,10
51,carddemo73,samples/m2/unikix/UniKix_CardDemo_runtime_v1.zip!/migrated_app/cbl/CBTRN01C.cbl,0,direct-ast-lab,0,1.45,4.3,0.25,4.55,266648.0,147.067339,30.340979,4.873649,111.852711,7201724,0,0,0,runs/0-051-direct-ast-lab,1210,43,36,20,14,150,159,6,751,574,14
51,carddemo73,samples/m2/unikix/UniKix_CardDemo_runtime_v1.zip!/migrated_app/cbl/CBTRN01C.cbl,0,antlr,0,1.71,4.94,0.25,5.19,290032.0,390.261219,299.393009,9.674305,81.193905,7201724,0,0,0,runs/0-051-antlr,1478,39,34,18,14,458,157,6,721,553,14
52,carddemo73,samples/m2/unikix/UniKix_CardDemo_runtime_v1.zip!/migrated_app/cbl/CBTRN02C.cbl,0,antlr,0,1.88,5.75,0.21,5.96,317624.0,444.19112,349.014427,9.128575,86.048118,10118550,0,0,0,runs/0-052-antlr,1646,46,40,22,22,512,167,8,796,615,15
52,carddemo73,samples/m2/unikix/UniKix_CardDemo_runtime_v1.zip!/migrated_app/cbl/CBTRN02C.cbl,0,direct-ast-lab,0,1.55,4.49,0.23,4.720000000000001,259996.0,160.215906,33.522217,6.414918,120.278771,10118550,0,0,0,runs/0-052-direct-ast-lab,1319,49,44,20,21,163,169,7,813,621,16
53,carddemo73,samples/m2/unikix/UniKix_CardDemo_runtime_v1.zip!/migrated_app/cbl/CBTRN03C.cbl,0,direct-ast-lab,0,1.55,4.67,0.22,4.89,280448.0,159.502099,30.53897,4.897472,124.065657,9589667,0,0,0,runs/0-053-direct-ast-lab,1325,51,43,20,19,162,164,7,828,638,15
53,carddemo73,samples/m2/unikix/UniKix_CardDemo_runtime_v1.zip!/migrated_app/cbl/CBTRN03C.cbl,0,antlr,0,2.01,5.73,0.24,5.970000000000001,320060.0,579.038152,478.14518,10.195072,90.6979,9589667,0,0,0,runs/0-053-antlr,1766,46,41,16,21,649,171,7,787,610,14
54,carddemo73,samples/m2/unikix/UniKix_CardDemo_runtime_v1.zip!/migrated_app/cbl/COACTUPC.cl2,0,antlr,0,5.15,12.3,0.42,12.72,420544.0,2401.500934,2163.328793,38.082647,200.089494,66354224,0,0,0,runs/0-054-antlr,4908,136,111,25,52,2474,499,21,1552,1253,33
54,carddemo73,samples/m2/unikix/UniKix_CardDemo_runtime_v1.zip!/migrated_app/cbl/COACTUPC.cl2,0,direct-ast-lab,0,3.05,9.66,0.32,9.98,367872.0,353.262869,97.146479,23.216223,232.900167,66354224,0,0,0,runs/0-054-direct-ast-lab,2811,145,125,26,46,358,510,29,1541,1223,34
55,carddemo73,samples/m2/unikix/UniKix_CardDemo_runtime_v1.zip!/migrated_app/cbl/COACTVWC.cl2,0,direct-ast-lab,0,1.92,5.84,0.3,6.14,344932.0,239.567593,44.267907,8.711788,186.587898,23792086,0,0,0,runs/0-055-direct-ast-lab,1688,70,50,25,24,243,277,9,946,754,25
55,carddemo73,samples/m2/unikix/UniKix_CardDemo_runtime_v1.zip!/migrated_app/cbl/COACTVWC.cl2,0,antlr,0,3.11,7.63,0.32,7.95,370444.0,1357.194763,1199.798799,14.634542,142.761422,23792086,0,0,0,runs/0-055-antlr,2875,70,58,25,24,1435,272,11,946,749,21
56,carddemo73,samples/m2/unikix/UniKix_CardDemo_runtime_v1.zip!/migrated_app/cbl/COADM01C.cl2,0,antlr,0,1.87,5.57,0.24,5.8100000000000005,323232.0,434.508639,308.67365,11.348335,114.486654,12090568,0,0,0,runs/0-056-antlr,1635,47,37,16,12,508,190,6,781,612,17
56,carddemo73,samples/m2/unikix/UniKix_CardDemo_runtime_v1.zip!/migrated_app/cbl/COADM01C.cl2,0,direct-ast-lab,0,1.57,4.84,0.24,5.08,281784.0,209.713006,37.59987,6.276015,165.837121,12090568,0,0,0,runs/0-056-direct-ast-lab,1332,51,36,20,11,212,184,6,770,602,16
57,carddemo73,samples/m2/unikix/UniKix_CardDemo_runtime_v1.zip!/migrated_app/cbl/COBIL00C.cl2,0,direct-ast-lab,0,1.6,4.92,0.25,5.17,281176.0,226.976762,39.139956,6.156328,181.680478,12221461,0,0,0,runs/0-057-direct-ast-lab,1363,53,43,16,16,229,192,8,775,591,15
57,carddemo73,samples/m2/unikix/UniKix_CardDemo_runtime_v1.zip!/migrated_app/cbl/COBIL00C.cl2,0,antlr,0,2.29,5.84,0.3,6.14,342024.0,835.641557,692.653564,10.940815,132.047178,12221461,0,0,0,runs/0-057-antlr,2055,54,45,19,18,911,190,8,779,598,16
58,carddemo73,samples/m2/unikix/UniKix_CardDemo_runtime_v1.zip!/migrated_app/cbl/COCRDLIC.cl2,0,antlr,0,3.35,8.31,0.33,8.64,373904.0,1410.271325,1221.960869,28.036516,160.27394,30153885,0,0,0,runs/0-058-antlr,3112,83,61,24,31,1483,311,12,1063,852,24
58,carddemo73,samples/m2/unikix/UniKix_CardDemo_runtime_v1.zip!/migrated_app/cbl/COCRDLIC.cl2,0,direct-ast-lab,0,2.14,6.43,0.33,6.76,322652.0,267.102029,57.802663,10.199569,199.099797,30153885,0,0,0,runs/0-058-direct-ast-lab,1901,83,70,24,30,270,328,13,1051,809,24
59,carddemo73,samples/m2/unikix/UniKix_CardDemo_runtime_v1.zip!/migrated_app/cbl/COCRDSLC.cl2,0,direct-ast-lab,0,1.75,5.34,0.24,5.58,293792.0,246.077653,43.002339,7.150463,195.924851,17225173,0,0,0,runs/0-059-direct-ast-lab,1528,61,53,22,23,249,224,10,858,666,18
59,carddemo73,samples/m2/unikix/UniKix_CardDemo_runtime_v1.zip!/migrated_app/cbl/COCRDSLC.cl2,0,antlr,0,2.29,6.22,0.32,6.54,342240.0,660.824162,494.674813,16.037029,150.11232,17225173,0,0,0,runs/0-059-antlr,2049,67,55,24,24,733,232,10,871,675,18
60,carddemo73,samples/m2/unikix/UniKix_CardDemo_runtime_v1.zip!/migrated_app/cbl/COCRDUPC.cl2,0,antlr,0,3.06,7.81,0.3,8.11,364128.0,1218.771278,1049.107178,17.00198,152.66212,24006715,0,0,0,runs/0-060-antlr,2827,81,62,21,30,1292,277,12,1017,796,21
60,carddemo73,samples/m2/unikix/UniKix_CardDemo_runtime_v1.zip!/migrated_app/cbl/COCRDUPC.cl2,0,direct-ast-lab,0,1.99,6.1,0.26,6.359999999999999,327404.0,248.799607,52.819425,9.86405,186.116132,24006715,0,0,0,runs/0-060-direct-ast-lab,1753,73,60,26,31,252,276,12,987,775,21
61,carddemo73,samples/m2/unikix/UniKix_CardDemo_runtime_v1.zip!/migrated_app/cbl/COMEN01C.cl2,0,direct-ast-lab,0,1.59,4.93,0.22,5.1499999999999995,282112.0,201.753786,34.556995,6.209265,160.987526,12936684,0,0,0,runs/0-061-direct-ast-lab,1357,56,37,18,12,204,209,6,777,600,16
61,carddemo73,samples/m2/unikix/UniKix_CardDemo_runtime_v1.zip!/migrated_app/cbl/COMEN01C.cl2,0,antlr,0,1.88,5.38,0.25,5.63,300556.0,451.123215,326.187389,12.50223,112.433596,12936684,0,0,0,runs/0-061-antlr,1655,52,39,22,11,525,197,6,767,596,16
62,carddemo73,samples/m2/unikix/UniKix_CardDemo_runtime_v1.zip!/migrated_app/cbl/CORPT00C.cl2,0,antlr,0,5.4,9.79,0.3,10.09,367788.0,3828.939629,3684.930712,13.788225,130.220692,15284649,0,0,0,runs/0-062-antlr,5171,55,49,24,17,3900,219,8,867,680,15
62,carddemo73,samples/m2/unikix/UniKix_CardDemo_runtime_v1.zip!/migrated_app/cbl/CORPT00C.cl2,0,direct-ast-lab,0,1.76,5.5,0.24,5.74,278216.0,226.416725,35.887951,7.305004,183.22377,15284649,0,0,0,runs/0-062-direct-ast-lab,1530,58,46,24,17,229,227,8,884,701,15
63,carddemo73,samples/m2/unikix/UniKix_CardDemo_runtime_v1.zip!/migrated_app/cbl/COSGN00C.cl2,0,direct-ast-lab,0,1.46,4.51,0.21,4.72,275656.0,187.791873,28.906886,5.210981,153.674006,8958438,0,0,0,runs/0-063-direct-ast-lab,1226,46,33,19,11,190,176,5,708,540,14
63,carddemo73,samples/m2/unikix/UniKix_CardDemo_runtime_v1.zip!/migrated_app/cbl/COSGN00C.cl2,0,antlr,0,1.73,5.14,0.27,5.41,316132.0,406.50909,281.610632,9.766583,115.131875,8958438,0,0,0,runs/0-063-antlr,1501,47,33,20,11,477,179,5,693,526,13
64,carddemo73,samples/m2/unikix/UniKix_CardDemo_runtime_v1.zip!/migrated_app/cbl/COTRN00C.cl2,0,antlr,0,2.93,7.34,0.31,7.6499999999999995,364748.0,1126.439129,960.380126,17.942147,148.116856,27143173,0,0,0,runs/0-064-antlr,2691,71,54,23,18,1198,284,10,986,787,22
64,carddemo73,samples/m2/unikix/UniKix_CardDemo_runtime_v1.zip!/migrated_app/cbl/COTRN00C.cl2,0,direct-ast-lab,0,1.98,6.16,0.31,6.47,342992.0,243.748585,45.714023,9.88042,188.154142,27143173,0,0,0,runs/0-064-direct-ast-lab,1734,73,52,18,19,247,288,10,988,788,21
65,carddemo73,samples/m2/unikix/UniKix_CardDemo_runtime_v1.zip!/migrated_app/cbl/COTRN01C.cl2,0,direct-ast-lab,0,1.58,4.66,0.22,4.88,273480.0,210.332581,34.137924,6.013468,170.181189,12673819,0,0,0,runs/0-065-direct-ast-lab,1354,56,44,21,12,213,198,7,768,582,16
65,carddemo73,samples/m2/unikix/UniKix_CardDemo_runtime_v1.zip!/migrated_app/cbl/COTRN01C.cl2,0,antlr,0,2.12,5.8,0.26,6.06,322816.0,633.658436,508.846705,10.215148,114.596583,12673819,0,0,0,runs/0-065-antlr,1879,54,43,21,12,710,194,7,805,626,16
66,carddemo73,samples/m2/unikix/UniKix_CardDemo_runtime_v1.zip!/migrated_app/cbl/COTRN02C.cl2,0,antlr,0,2.51,6.71,0.31,7.02,362596.0,897.493713,747.89166,14.295536,135.306517,17828656,0,0,0,runs/0-066-antlr,2281,59,55,19,20,969,234,9,890,689,16
66,carddemo73,samples/m2/unikix/UniKix_CardDemo_runtime_v1.zip!/migrated_app/cbl/COTRN02C.cl2,0,direct-ast-lab,0,1.74,5.27,0.25,5.52,273196.0,245.776638,41.390042,7.886109,196.500487,17828656,0,0,0,runs/0-066-direct-ast-lab,1512,59,50,27,19,249,225,9,847,653,15
67,carddemo73,samples/m2/unikix/UniKix_CardDemo_runtime_v1.zip!/migrated_app/cbl/COUSR00C.cl2,0,direct-ast-lab,0,1.93,5.81,0.27,6.08,321868.0,228.696234,41.431577,9.030667,178.23399,27032120,0,0,0,runs/0-067-direct-ast-lab,1696,74,53,20,17,232,282,10,973,778,20
67,carddemo73,samples/m2/unikix/UniKix_CardDemo_runtime_v1.zip!/migrated_app/cbl/COUSR00C.cl2,0,antlr,0,2.9,7.4,0.3,7.7,366624.0,1107.357302,953.722317,15.923382,137.711603,27032120,0,0,0,runs/0-067-antlr,2664,74,60,20,19,1176,285,10,987,769,22
68,carddemo73,samples/m2/unikix/UniKix_CardDemo_runtime_v1.zip!/migrated_app/cbl/COUSR01C.cl2,0,antlr,0,1.86,5.25,0.26,5.51,296412.0,485.830905,367.383911,9.264531,109.182463,9789644,0,0,0,runs/0-068-antlr,1635,48,39,21,12,555,189,6,733,552,14
68,carddemo73,samples/m2/unikix/UniKix_CardDemo_runtime_v1.zip!/migrated_app/cbl/COUSR01C.cl2,0,direct-ast-lab,0,1.5,4.53,0.26,4.79,277184.0,189.83799,29.417534,5.439647,154.980809,9789644,0,0,0,runs/0-068-direct-ast-lab,1272,50,37,19,12,192,179,6,742,569,14
69,carddemo73,samples/m2/unikix/UniKix_CardDemo_runtime_v1.zip!/migrated_app/cbl/COUSR02C.cl2,0,direct-ast-lab,0,1.57,4.82,0.23,5.050000000000001,279476.0,202.528953,30.128796,6.447376,165.952781,11172941,0,0,0,runs/0-069-direct-ast-lab,1338,54,43,20,14,205,199,7,760,579,18
69,carddemo73,samples/m2/unikix/UniKix_CardDemo_runtime_v1.zip!/migrated_app/cbl/COUSR02C.cl2,0,antlr,0,2.13,5.57,0.3,5.87,343504.0,703.417237,566.27646,10.796263,126.344514,11172941,0,0,0,runs/0-069-antlr,1900,53,49,20,14,773,197,8,760,571,15
70,carddemo73,samples/m2/unikix/UniKix_CardDemo_runtime_v1.zip!/migrated_app/cbl/COUSR03C.cl2,0,antlr,0,1.94,5.48,0.25,5.73,305176.0,540.25342,421.866214,8.999941,109.387265,10185743,0,0,0,runs/0-070-antlr,1710,48,40,16,13,608,198,6,752,577,13
70,carddemo73,samples/m2/unikix/UniKix_CardDemo_runtime_v1.zip!/migrated_app/cbl/COUSR03C.cl2,0,direct-ast-lab,0,1.58,4.71,0.21,4.92,266528.0,199.715555,30.835639,6.584496,162.29542,10185743,0,0,0,runs/0-070-direct-ast-lab,1348,52,42,15,13,202,189,6,798,611,15
71,carddemo73,samples/m2/unikix/UniKix_CardDemo_runtime_v1.zip!/migrated_app/cbl/CSUTLDTC.cbl,0,direct-ast-lab,0,1.17,3.15,0.19,3.34,203976.0,133.866542,30.076019,2.373199,101.417324,1872081,0,0,0,runs/0-071-direct-ast-lab,944,25,28,19,10,136,123,4,573,408,8
71,carddemo73,samples/m2/unikix/UniKix_CardDemo_runtime_v1.zip!/migrated_app/cbl/CSUTLDTC.cbl,0,antlr,0,1.37,3.76,0.21,3.9699999999999998,250788.0,253.542068,181.770832,5.322024,66.449212,1872081,0,0,0,runs/0-071-antlr,1142,28,29,21,10,327,127,4,571,404,9
72,carddemo73,samples/m2/unikix/UniKix_CardDemo_runtime_v1.zip!/migrated_app/cbl/SDSF.cbl,0,antlr,0,0.94,2.54,0.17,2.71,193112.0,66.469018,17.747334,1.339332,47.382352,173188,0,0,0,runs/0-072-antlr,712,17,10,18,6,135,65,2,427,287,5
72,carddemo73,samples/m2/unikix/UniKix_CardDemo_runtime_v1.zip!/migrated_app/cbl/SDSF.cbl,0,direct-ast-lab,0,0.93,2.61,0.16,2.77,187976.0,108.795891,24.929394,0.848391,83.018106,173188,0,0,0,runs/0-072-direct-ast-lab,692,19,10,17,6,110,70,3,424,280,5
